no.,start,end,
1,35.16,38.69,
2,43.32,48.604,
3,49.42,53.84,
4,55.14,60.52,
5,61.97,66.1,
6,66.7,71.33,
7,73.09,77.4,
8,79.7,85.01,
9,86.06,89.9,
10,91.55,97.85,
11,100,103.76,
12,104.4,109.78,
13,110.3,114.14,
14,114.95,120,
15,120.9,125.96,
16,127.29,133.22,
17,134.21,138.7,
18,139.29,145.69,
19,149.59,154.1,
20,154.85,160.9,
21,166.37,171,
22,185.2,191,
23,191.7,196.82,
24,197.6,203.1,
25,205.5,209.9,
26,215.2,222.5,
27,223.8,228.1,
28,229.29,233.83,
29,234.93,239.8,
30,241,247.5,
31,253.1,261.8,
32,263.9,274,
33,278.3,287.4,
34,288.2,296.7,
35,297.6,306.6,
36,307.7,315.1,
37,318.4,325.24,
38,326.8,334.9,
39,335.9,343.3,
40,344.4,351.8,
41,353.1,359.2,
42,360,365.9,
43,369.9,374.32,
44,375.8,381.7,
45,384,392.3,
46,393.4,399.9,
47,401.2,406.9,
48,407.6,416.2,
49,417.3,428,
50,429.2,439.1,
51,449.9,457.4,
52,458.7,469.8,
53,470.9,480.6,
54,482.6,492.7,
55,493.9,503.4,
56,504.1,517.4,
57,518.6,526.9,
58,528.2,538.5,
59,538.8,547.3,
60,548.1,555.7,.
